    <assembly>
        <id>bin</id>
        <formats>
            <format>tar.gz</format>
        </formats>
        <fileSets>
            <fileSet>
                <directory>.</directory>
                <outputDirectory>/</outputDirectory>
                <includes>
                    <include>README*</include>
                    <include>LICENSE*</include>
                    <include>NOTICE*</include>
                </includes>
            </fileSet>
            <fileSet>
                <directory>Core/target</directory>
                <outputDirectory>/</outputDirectory>
                <includes>
                    <include>BetterBeansBinding*.jar</include>
                    <include>BetterBeansBinding*.nbm</include>
                </includes>
            </fileSet>
            <fileSet>
                <directory>EL/target</directory>
                <outputDirectory>/</outputDirectory>
                <includes>
                    <include>BetterBeansBinding*.jar</include>
                    <include>BetterBeansBinding*.nbm</include>
                </includes>
            </fileSet>
            <fileSet>
                <directory>SwingBinding/target</directory>
                <outputDirectory>/</outputDirectory>
                <includes>
                    <include>BetterBeansBinding*.jar</include>
                    <include>BetterBeansBinding*.nbm</include>
                </includes>
            </fileSet>
            <fileSet>
                <directory>target</directory>
                <outputDirectory>/</outputDirectory>
                <includes>
                    <include>*all.jar</include>
                </includes>
            </fileSet>
            <fileSet>
                <directory>target/site/apidocs</directory>
                <outputDirectory>/apidocs</outputDirectory>
                <includes>
                    <include>**</include>
                </includes>
            </fileSet>
        </fileSets>
    </assembly>

