<?xml version="1.0" encoding="UTF-8"?>
<!-- *******************************************************************************************************************
 *
 * BetterBeansBinding - keeping JavaBeans in sync
 * ==============================================
 *
 * Copyright (C) 2009 by Tidalwave s.a.s. (http://www.tidalwave.it)
 * http://betterbeansbinding.kenai.com
 *
 * This is derived work from BeansBinding: http://beansbinding.dev.java.net
 * BeansBinding is copyrighted (C) by Sun Microsystems, Inc.
 *
 ***********************************************************************************************************************
 *
 * This library is free software; you can redistribute it and/or modify it under the terms of the GNU Lesser General
 * Public License as published by the Free Software Foundation; either version 2.1 of the License, or (at your option)
 * any later version.
 *
 * This library is distributed in the hope that it will be useful, but WITHOUT ANY WARRANTY; without even the implied
 * warranty of MERCHANTABILITY or FITNESS FOR A PARTICULAR PURPOSE.  See the GNU Lesser General Public License for more
 * details.
 *
 * You should have received a copy of the GNU Lesser General Public License along with this library; if not, write to
 * the Free Software Foundation, Inc., 51 Franklin Street, Fifth Floor, Boston, MA  02110-1301  USA
 *
 ***********************************************************************************************************************
 *
 * $Id: checkstyle.xml 58 2009-04-26 19:39:23Z fabriziogiudici $
 *
 ******************************************************************************************************************* -->
<!DOCTYPE module PUBLIC "-//Puppy Crawl//DTD Check Configuration 1.1//EN"
                        "http://www.puppycrawl.com/dtds/configuration_1_1.dtd">
<module name="Checker">

        
<!--
    <module name="RegexpMultiline">
        <property name="format" value="System\.(out)|(err)\.print(ln)?\("/>
    </module>

        -->

    <module name="TreeWalker">
        
        <module name="LineLength">
            <property name="max" value="120"/>
        </module>
        
        <!--check for imports-->
        <module name="AvoidStarImport"/>
        <module name="IllegalImport"/>
        <module name="RedundantImport"/>
        <module name="UnusedImports"/>

        <!--check for equals and hashcode-->
        <module name="EqualsHashCode"/>

        <!--check for final class-->
        <module name="FinalClass"/>

    </module>
</module>


