<a href="http://bugs.sun.com/bugdatabase/view_bug.do?bug_id=4046277" target="bug_detail">4046277</a>	5	4	Mullethead	Sun Apr 20 15:18:00 PDT 1997	0	provide way to mark feature as designtime or runtime	accepted
<a href="http://bugs.sun.com/bugdatabase/view_bug.do?bug_id=4058433" target="bug_detail">4058433</a>	5	2	Mullethead	Thu Jun 12 08:20:00 PDT 1997	0	tool for creating BeanInfo template	evaluated
<a href="http://bugs.sun.com/bugdatabase/view_bug.do?bug_id=4067671" target="bug_detail">4067671</a>	4	2	Mullethead	Mon Jul 28 09:28:00 PDT 1997	0	add support for dynamic properties	evaluated
<a href="http://bugs.sun.com/bugdatabase/view_bug.do?bug_id=4101578" target="bug_detail">4101578</a>	5	5	Mullethead	Tue Dec 30 11:46:00 PST 1997	0	BC: Standard i/o visibility for bean contexts	accepted
<a href="http://bugs.sun.com/bugdatabase/view_bug.do?bug_id=4111019" target="bug_detail">4111019</a>	4	5	Mullethead	Tue Feb 10 10:07:00 PST 1998	0	No way to retreive manifest / access beans in classes.zip	accepted
<a href="http://bugs.sun.com/bugdatabase/view_bug.do?bug_id=4143467" target="bug_detail">4143467</a>	5	3	Mullethead	Thu May 28 10:44:00 PDT 1998	0	BC: java.awt.Components canot implement BeanContext due to method name collision	evaluated
<a href="http://bugs.sun.com/bugdatabase/view_bug.do?bug_id=4155658" target="bug_detail">4155658</a>	4	5	Mullethead	Wed Jul 08 16:47:00 PDT 1998	0	BC: Interfaces & Named Instances storage in Beancontext	accepted
<a href="http://bugs.sun.com/bugdatabase/view_bug.do?bug_id=4162678" target="bug_detail">4162678</a>	4	3	Mullethead	Sat Aug 01 16:04:00 PDT 1998	0	remove doPrivilege blocks from Beans access to .gif and .ser	evaluated
<a href="http://bugs.sun.com/bugdatabase/view_bug.do?bug_id=4176250" target="bug_detail">4176250</a>	4	4	Mullethead	Thu Sep 24 15:41:00 PDT 1998	0	JDK1.1.7: Component isn't sync with sun.beans.infos.ComponentBeanInfo	evaluated
<a href="http://bugs.sun.com/bugdatabase/view_bug.do?bug_id=4178148" target="bug_detail">4178148</a>	5	3	Mullethead	Thu Oct 01 13:47:00 PDT 1998	0	BC: service provider proxy not set up in time in BeanContextServicesSupport	accepted
<a href="http://bugs.sun.com/bugdatabase/view_bug.do?bug_id=4178930" target="bug_detail">4178930</a>	4	5	Mullethead	Mon Oct 05 18:29:00 PDT 1998	2	Swing models need pre- and post-listeners	accepted
<a href="http://bugs.sun.com/bugdatabase/view_bug.do?bug_id=4178150" target="bug_detail">4178150</a>	5	3	Mullethead	Thu Oct 01 13:48:00 PDT 1998	0	BC: services do not cleanup when contexts are moved ....	accepted
<a href="http://bugs.sun.com/bugdatabase/view_bug.do?bug_id=4200289" target="bug_detail">4200289</a>	4	5	Mullethead	Fri Jan 01 15:55:00 PST 1999	0	BC: BeanContextServicesSupport#initialize() should be protected	accepted
<a href="http://bugs.sun.com/bugdatabase/view_bug.do?bug_id=4202736" target="bug_detail">4202736</a>	4	5	Mullethead	Wed Jan 13 09:02:00 PST 1999	0	BC: BeanContextSupport should provide a hook method to initialize persistent fie	accepted
<a href="http://bugs.sun.com/bugdatabase/view_bug.do?bug_id=4203258" target="bug_detail">4203258</a>	4	5	Mullethead	Thu Jan 14 14:29:00 PST 1999	0	The com.sun.beans.BoolEditor is not Serializable.	accepted
<a href="http://bugs.sun.com/bugdatabase/view_bug.do?bug_id=4222827" target="bug_detail">4222827</a>	4	5	Mullethead	Mon Mar 22 18:21:00 PST 1999	0	Support getAsText and setAsText in all default editors	accepted
<a href="http://bugs.sun.com/bugdatabase/view_bug.do?bug_id=4235085" target="bug_detail">4235085</a>	4	3	Mullethead	Mon May 03 22:07:00 PDT 1999	0	BC: BeanContextChildSupport  lacks addPropertyChangeListener without specifying	evaluated
<a href="http://bugs.sun.com/bugdatabase/view_bug.do?bug_id=4231048" target="bug_detail">4231048</a>	5	4	Mullethead	Mon Apr 19 20:19:00 PDT 1999	0	BC: needsGui() in BeanContextSupport fails to check all children	accepted
<a href="http://bugs.sun.com/bugdatabase/view_bug.do?bug_id=4245842" target="bug_detail">4245842</a>	4	3	Mullethead	Fri Jun 11 07:08:00 PDT 1999	0	iterator exception in BCSSProxyServiceProvider.serviceRevoked()	evaluated
<a href="http://bugs.sun.com/bugdatabase/view_bug.do?bug_id=4250219" target="bug_detail">4250219</a>	5	3	Mullethead	Mon Jun 28 16:29:00 PDT 1999	0	BC: BeanContextMembershipEvents are not fired during deserialization	accepted
<a href="http://bugs.sun.com/bugdatabase/view_bug.do?bug_id=4256569" target="bug_detail">4256569</a>	4	5	Mullethead	Thu Jul 22 23:53:00 PDT 1999	3	RFE: Need for better error reporting in Beans.instantiate	evaluated
<a href="http://bugs.sun.com/bugdatabase/view_bug.do?bug_id=4265130" target="bug_detail">4265130</a>	4	5	Mullethead	Tue Aug 24 09:45:00 PDT 1999	0	RFE: add lookup-by-name method to BeanInfo	evaluated
<a href="http://bugs.sun.com/bugdatabase/view_bug.do?bug_id=4278836" target="bug_detail">4278836</a>	4	5	Mullethead	Wed Oct 06 14:45:00 PDT 1999	0	Clarification needed: Should Beans  use Weak References to listeners?	evaluated
<a href="http://bugs.sun.com/bugdatabase/view_bug.do?bug_id=4295174" target="bug_detail">4295174</a>	4	5	Mullethead	Mon Nov 29 16:12:00 PST 1999	0	BC: BeanContextSupport.setDesignTime() should fire a "designTime" change event.	accepted
<a href="http://bugs.sun.com/bugdatabase/view_bug.do?bug_id=4303459" target="bug_detail">4303459</a>	5	5	Mullethead	Sat Jan 08 17:51:00 PST 2000	0	Default int and long property editors should use the decode() method	evaluated
<a href="http://bugs.sun.com/bugdatabase/view_bug.do?bug_id=4043157" target="bug_detail">4043157</a>	4	3	Mullethead	Fri Apr 04 08:37:00 PST 1997	1	generic PropertyEditor for Enumeration properties	evaluated
<a href="http://bugs.sun.com/bugdatabase/view_bug.do?bug_id=4330673" target="bug_detail">4330673</a>	4	5	Mullethead	Fri Apr 14 13:57:00 PDT 2000	0	RFE: JavaBeans naming conventions for new indexed property methods	evaluated
<a href="http://bugs.sun.com/bugdatabase/view_bug.do?bug_id=4365507" target="bug_detail">4365507</a>	5	1	Mullethead	Thu Aug 24 11:42:00 PDT 2000	2	BC: IllegalArgumentException during deserialization of BC child	evaluated
<a href="http://bugs.sun.com/bugdatabase/view_bug.do?bug_id=4380458" target="bug_detail">4380458</a>	4	5	Mullethead	Wed Oct 18 10:58:00 PDT 2000	0	BC: Incorred service Revoking in BeanContextServiceSupport	accepted
<a href="http://bugs.sun.com/bugdatabase/view_bug.do?bug_id=4425327" target="bug_detail">4425327</a>	4	5	Mullethead	Tue Mar 13 18:09:00 PST 2001	0	Introspector.getBeanInfo does not support both stopClass and flags	evaluated
<a href="http://bugs.sun.com/bugdatabase/view_bug.do?bug_id=4425885" target="bug_detail">4425885</a>	4	4	Mullethead	Wed Mar 14 20:09:00 PST 2001	4	java.beans.VetoableChangeSupport.fireVetoableChange incorrectly handles vetos.	accepted
<a href="http://bugs.sun.com/bugdatabase/view_bug.do?bug_id=4446154" target="bug_detail">4446154</a>	4	2	Mullethead	Mon Apr 16 17:08:00 PDT 2001	1	Persistence mechanism not designed for development of internationalized apps	evaluated
<a href="http://bugs.sun.com/bugdatabase/view_bug.do?bug_id=4452032" target="bug_detail">4452032</a>	4	5	Mullethead	Fri Apr 27 18:05:00 PDT 2001	0	Potential wrong use of Class.forName	accepted
<a href="http://bugs.sun.com/bugdatabase/view_bug.do?bug_id=4474171" target="bug_detail">4474171</a>	4	2	Mullethead	Mon Jun 25 00:18:00 PDT 2001	10	Persistence Delegation: design flaws, side effects, perhaps specification flaw	evaluated
<a href="http://bugs.sun.com/bugdatabase/view_bug.do?bug_id=4474332" target="bug_detail">4474332</a>	4	5	Mullethead	Mon Jun 25 16:00:00 PDT 2001	2	Long Term Persistence: no way of knowing if the ObjectStream is empty	evaluated
<a href="http://bugs.sun.com/bugdatabase/view_bug.do?bug_id=4498236" target="bug_detail">4498236</a>	4	5	Mullethead	Thu Aug 30 11:37:00 PDT 2001	0	Provide a toString method for PropertyChangeEvent and other classes	evaluated
<a href="http://bugs.sun.com/bugdatabase/view_bug.do?bug_id=4499938" target="bug_detail">4499938</a>	5	5	Mullethead	Wed Sep 05 00:38:00 PDT 2001	0	BeanInfo and PropertyDescriptor don't work OK with read-only properties	evaluated
<a href="http://bugs.sun.com/bugdatabase/view_bug.do?bug_id=4506596" target="bug_detail">4506596</a>	4	4	Mullethead	Tue Sep 25 04:17:00 PDT 2001	0	NPE thrown when called on non-inited standard property editor for primitive bool	accepted
<a href="http://bugs.sun.com/bugdatabase/view_bug.do?bug_id=4511992" target="bug_detail">4511992</a>	5	5	Mullethead	Mon Oct 08 00:34:00 PDT 2001	1	EventHandler will throw AGrettaIndexOutOfBoundsException in can't find method	accepted
<a href="http://bugs.sun.com/bugdatabase/view_bug.do?bug_id=4520621" target="bug_detail">4520621</a>	4	5	Mullethead	Mon Oct 29 13:11:00 PST 2001	0	RFE: Refactoring JavaBeans	evaluated
<a href="http://bugs.sun.com/bugdatabase/view_bug.do?bug_id=4528354" target="bug_detail">4528354</a>	5	3	Mullethead	Fri Nov 16 11:38:00 PST 2001	1	firePropertyChange(null, null, null) doesn't notify enough listeners	evaluated
<a href="http://bugs.sun.com/bugdatabase/view_bug.do?bug_id=4529216" target="bug_detail">4529216</a>	4	5	Mullethead	Mon Nov 19 14:05:00 PST 2001	1	Archiver InstantiationException on java.awt.image.BufferedImage	accepted
<a href="http://bugs.sun.com/bugdatabase/view_bug.do?bug_id=4554342" target="bug_detail">4554342</a>	4	4	Mullethead	Thu Dec 06 09:23:00 PST 2001	0	Property introspection inconsistent on AIX and Windows	accepted
<a href="http://bugs.sun.com/bugdatabase/view_bug.do?bug_id=4620183" target="bug_detail">4620183</a>	4	5	Mullethead	Mon Jan 07 00:48:00 PST 2002	0	LTP: Some properties on Component cannot be marked as "transient"	accepted
<a href="http://bugs.sun.com/bugdatabase/view_bug.do?bug_id=4625422" target="bug_detail">4625422</a>	4	5	Mullethead	Thu Jan 17 16:03:00 PST 2002	0	java.beans.EventHandler should have a way to pass the event object to action.	evaluated
<a href="http://bugs.sun.com/bugdatabase/view_bug.do?bug_id=4631470" target="bug_detail">4631470</a>	4	3	Mullethead	Thu Jan 31 14:33:00 PST 2002	1	serialization problem of JTabbedPane using XML long term persistence	accepted
<a href="http://bugs.sun.com/bugdatabase/view_bug.do?bug_id=4635589" target="bug_detail">4635589</a>	4	5	Mullethead	Fri Feb 08 16:33:00 PST 2002	0	BC: BeanContextServiceSupport. Can't see parent Services on "beancontext "event	accepted
<a href="http://bugs.sun.com/bugdatabase/view_bug.do?bug_id=4635998" target="bug_detail">4635998</a>	4	5	Mullethead	Mon Feb 11 10:24:00 PST 2002	1	BC: un-synchronized access of HashMap services in BeanContextServicesSupport	accepted
<a href="http://bugs.sun.com/bugdatabase/view_bug.do?bug_id=4625418" target="bug_detail">4625418</a>	4	5	Mullethead	Thu Jan 17 16:00:00 PST 2002	0	java.beans.XMLEncoder should have an option to specify other charset than UTF-8	accepted
<a href="http://bugs.sun.com/bugdatabase/view_bug.do?bug_id=4652937" target="bug_detail">4652937</a>	4	4	Mullethead	Thu Mar 14 13:03:00 PST 2002	0	LTP: The BeanContextProxy class is not archivable.	evaluated
<a href="http://bugs.sun.com/bugdatabase/view_bug.do?bug_id=4663269" target="bug_detail">4663269</a>	3	3	Mullethead	Thu Apr 04 16:30:00 PST 2002	0	LTP: NullPointerException from XMLEncoder on a maximized JInternalFrame	committed
<a href="http://bugs.sun.com/bugdatabase/view_bug.do?bug_id=4667053" target="bug_detail">4667053</a>	4	3	Mullethead	Thu Apr 11 18:29:00 PDT 2002	2	LTP: XMLEncoder aGrettaIndexOutOfBoundsException with JTable in JScrollPane	committed
<a href="http://bugs.sun.com/bugdatabase/view_bug.do?bug_id=4650871" target="bug_detail">4650871</a>	4	5	Mullethead	Mon Mar 11 14:29:00 PST 2002	0	Classes in sunw.* should be removed from workspace and rt.jar	accepted
<a href="http://bugs.sun.com/bugdatabase/view_bug.do?bug_id=4671142" target="bug_detail">4671142</a>	4	3	Mullethead	Thu Apr 18 17:54:00 PDT 2002	1	XMLEncoder InstantiationException with JList	accepted
<a href="http://bugs.sun.com/bugdatabase/view_bug.do?bug_id=4675786" target="bug_detail">4675786</a>	4	3	null	Fri Apr 26 15:21:00 PDT 2002	2	getPreferredSize() in BasicListUI reporting stale size	accepted
<a href="http://bugs.sun.com/bugdatabase/view_bug.do?bug_id=4683761" target="bug_detail">4683761</a>	4	4	Mullethead	Mon May 13 01:14:00 PDT 2002	0	Incomplete Introspection on nonpublic classes lead to IllegalAccessExceptions	accepted
<a href="http://bugs.sun.com/bugdatabase/view_bug.do?bug_id=4695823" target="bug_detail">4695823</a>	4	3	Mullethead	Fri May 31 16:25:00 PDT 2002	0	XMLDecoder does not handle nested constructor arguments correctly	accepted
<a href="http://bugs.sun.com/bugdatabase/view_bug.do?bug_id=4731781" target="bug_detail">4731781</a>	4	4	Mullethead	Wed Aug 14 16:49:00 PDT 2002	0	RFE: Support GUI configuration in XML	evaluated
<a href="http://bugs.sun.com/bugdatabase/view_bug.do?bug_id=4733558" target="bug_detail">4733558</a>	4	3	Mullethead	Mon Aug 19 15:09:00 PDT 2002	0	LTP: java.beans.XMLEncoder does not serialize as xml java.sql.Date members	accepted
<a href="http://bugs.sun.com/bugdatabase/view_bug.do?bug_id=4739044" target="bug_detail">4739044</a>	3	3	Mullethead	Thu Aug 29 10:59:00 PDT 2002	4	LTP: XMLEncoder InstantiationException with JMenu	committed
<a href="http://bugs.sun.com/bugdatabase/view_bug.do?bug_id=4740135" target="bug_detail">4740135</a>	3	3	Mullethead	Fri Aug 30 17:54:00 PDT 2002	0	Severe performance bottleneck in  XMLEncoder: String.getBytes(encoding)	committed
<a href="http://bugs.sun.com/bugdatabase/view_bug.do?bug_id=4741757" target="bug_detail">4741757</a>	3	3	Mullethead	Wed Sep 04 15:33:00 PDT 2002	1	LTP: XMLEncoder ignores persistence delegates when used with java web start	evaluated
<a href="http://bugs.sun.com/bugdatabase/view_bug.do?bug_id=4763438" target="bug_detail">4763438</a>	4	4	Mullethead	Tue Oct 15 15:41:00 PDT 2002	0	Replace uses of @beaninfo with meta facility in core j2se	evaluated
<a href="http://bugs.sun.com/bugdatabase/view_bug.do?bug_id=4743903" target="bug_detail">4743903</a>	4	5	Mullethead	Mon Sep 09 00:29:00 PDT 2002	0	EventHandler.invoke should try to cast the results of eventPropertyName	accepted
<a href="http://bugs.sun.com/bugdatabase/view_bug.do?bug_id=4769844" target="bug_detail">4769844</a>	4	5	Mullethead	Mon Oct 28 00:07:00 PST 2002	0	classes in java.beans that are serializable but don't define serialVersionUID	evaluated
<a href="http://bugs.sun.com/bugdatabase/view_bug.do?bug_id=4808415" target="bug_detail">4808415</a>	4	4	Mullethead	Sun Jan 26 21:16:00 PST 2003	0	RFE: Provide schema and dtd for XML documents produced by XMLEncoder	accepted
<a href="http://bugs.sun.com/bugdatabase/view_bug.do?bug_id=4809657" target="bug_detail">4809657</a>	3	5	Mullethead	Tue Jan 28 18:17:00 PST 2003	0	RFE: Support for dependant properties in JavaBeans	evaluated
<a href="http://bugs.sun.com/bugdatabase/view_bug.do?bug_id=4816484" target="bug_detail">4816484</a>	4	4	Mullethead	Mon Feb 10 23:58:00 PST 2003	4	XMLEncoder only works in graphical environments	accepted
<a href="http://bugs.sun.com/bugdatabase/view_bug.do?bug_id=4818598" target="bug_detail">4818598</a>	4	2	Mullethead	Thu Feb 13 19:11:00 PST 2003	1	XMLEncoder doesn't save state for Class properties with default values	evaluated
<a href="http://bugs.sun.com/bugdatabase/view_bug.do?bug_id=4808251" target="bug_detail">4808251</a>	4	4	Mullethead	Fri Jan 24 18:28:00 PST 2003	1	Selective listener persistence	accepted
<a href="http://bugs.sun.com/bugdatabase/view_bug.do?bug_id=4822050" target="bug_detail">4822050</a>	4	3	Mullethead	Fri Feb 21 09:58:00 PST 2003	1	NullPointerException in java.beans.Statement (called via java.beans.XMLDecoder)	accepted
<a href="http://bugs.sun.com/bugdatabase/view_bug.do?bug_id=4835958" target="bug_detail">4835958</a>	4	3	Mullethead	Fri Mar 21 11:13:00 PST 2003	1	RFE: XMLEncoder should support indexed properties.	evaluated
<a href="http://bugs.sun.com/bugdatabase/view_bug.do?bug_id=4812701" target="bug_detail">4812701</a>	4	4	Mullethead	Tue Feb 04 00:12:00 PST 2003	0	RFE: VetoableChangeListener should be transactional	accepted
<a href="http://bugs.sun.com/bugdatabase/view_bug.do?bug_id=4864117" target="bug_detail">4864117</a>	4	4	Mullethead	Wed May 14 14:35:00 PDT 2003	2	RFE: Make XMLDecoder API more reusable	accepted
<a href="http://bugs.sun.com/bugdatabase/view_bug.do?bug_id=4880202" target="bug_detail">4880202</a>	4	4	Mullethead	Tue Jun 17 19:03:00 PDT 2003	0	Create a java.beans.PropertyChangeEmitter interface	evaluated
<a href="http://bugs.sun.com/bugdatabase/view_bug.do?bug_id=4890258" target="bug_detail">4890258</a>	4	3	Mullethead	Mon Jul 14 13:21:00 PDT 2003	0	sun.beans.editors.BoolEditor not localized	accepted
<a href="http://bugs.sun.com/bugdatabase/view_bug.do?bug_id=4916852" target="bug_detail">4916852</a>	4	5	Mullethead	Wed Sep 03 16:02:00 PDT 2003	0	LTP: BorderLayout Persistence Delegate should use 1.5 API	committed
<a href="http://bugs.sun.com/bugdatabase/view_bug.do?bug_id=4920456" target="bug_detail">4920456</a>	4	3	Mullethead	Wed Sep 10 00:32:00 PDT 2003	0	XMLEncoder gives a meaningless error message for no good reason	accepted
<a href="http://bugs.sun.com/bugdatabase/view_bug.do?bug_id=4921212" target="bug_detail">4921212</a>	3	2	Mullethead	Thu Sep 11 11:11:00 PDT 2003	0	XMLEncoder does NOT encode NULL (value) entries in HashMap	committed
<a href="http://bugs.sun.com/bugdatabase/view_bug.do?bug_id=4922835" target="bug_detail">4922835</a>	5	5	Mullethead	Mon Sep 15 14:13:00 PDT 2003	0	Statement javadoc should indicate that target and methodName cannot be null	evaluated
<a href="http://bugs.sun.com/bugdatabase/view_bug.do?bug_id=4935607" target="bug_detail">4935607</a>	4	4	Mullethead	Thu Oct 09 19:54:00 PDT 2003	0	Should be possible to set the TRANSIENT attribute of propertiies to FALSE.	committed
<a href="http://bugs.sun.com/bugdatabase/view_bug.do?bug_id=4936682" target="bug_detail">4936682</a>	4	3	Mullethead	Mon Oct 13 00:10:00 PDT 2003	0	XMLEncoder does not create references to the targets of Expressions	accepted
<a href="http://bugs.sun.com/bugdatabase/view_bug.do?bug_id=4937059" target="bug_detail">4937059</a>	3	3	Darkman	Tue Oct 14 00:47:00 PDT 2003	0	REGRESSION:  java.beans.PropertyChangeSupport.add/remove/getPCL(s): unclear doc	committed
<a href="http://bugs.sun.com/bugdatabase/view_bug.do?bug_id=4937062" target="bug_detail">4937062</a>	3	3	Darkman	Tue Oct 14 01:14:00 PDT 2003	0	REGRESSION: beancontext.BeanContextChildSupport.add/remove PCL/VCL: unclear doc	committed
<a href="http://bugs.sun.com/bugdatabase/view_bug.do?bug_id=4950972" target="bug_detail">4950972</a>	3	3	Mullethead	Fri Nov 07 14:34:00 PST 2003	0	Long-term persistence bugs (swing, Encoder, XMLEncoder)	committed
<a href="http://bugs.sun.com/bugdatabase/view_bug.do?bug_id=4951733" target="bug_detail">4951733</a>	4	4	Mullethead	Mon Nov 10 14:48:00 PST 2003	3	Stack overflow encoding a derived Font with XMLEncoder	accepted
<a href="http://bugs.sun.com/bugdatabase/view_bug.do?bug_id=4950122" target="bug_detail">4950122</a>	3	3	Mullethead	Thu Nov 06 11:29:00 PST 2003	0	DefaultPersistenceDelegate does not handle boolean properties in a superclass.	committed
<a href="http://bugs.sun.com/bugdatabase/view_bug.do?bug_id=4956610" target="bug_detail">4956610</a>	3	3	Mullethead	Wed Nov 19 08:07:00 PST 2003	0	Regression-test java/beans/Introspector/4809008/GarbageTest.java fails	accepted
<a href="http://bugs.sun.com/bugdatabase/view_bug.do?bug_id=4968709" target="bug_detail">4968709</a>	3	3	Mullethead	Mon Dec 15 13:37:00 PST 2003	0	java.beans.PropertyEditorManager.findEditor works incorrectly	committed
<a href="http://bugs.sun.com/bugdatabase/view_bug.do?bug_id=4967135" target="bug_detail">4967135</a>	3	2	Mullethead	Thu Dec 11 00:26:00 PST 2003	2	Encoding Colors and Fonts in Applets with XMLEncoder throws Exceptions	committed
<a href="http://bugs.sun.com/bugdatabase/view_bug.do?bug_id=4972593" target="bug_detail">4972593</a>	3	3	Darkman	Wed Dec 24 06:20:00 PST 2003	0	REGRESSION:BeanContextServicesSupport.BCSSChild changed its serialVersionUID	committed
<a href="http://bugs.sun.com/bugdatabase/view_bug.do?bug_id=4972597" target="bug_detail">4972597</a>	3	3	Darkman	Wed Dec 24 06:29:00 PST 2003	0	REGRESSION:BeanContextSupport.BCSChild changed its serialVersionUID	committed
