<?xml version="1.0"?>
<hierarchicalData 
	xmlns="http://www.jdesktop.org/2004/05/jdnc" 
	xmlns:om="http://www.openmarkup.net/2004/05/om" 
	xmlns:xsi="http://www.w3.org/2001/XMLSchema-instance" 
	xsi:schemaLocation="http://www.jdesktop.org/2004/05/jdnc schema/jdnc-1_0.xsd">
	
  <metaData columnCount="7">
    <columnMetaData name="NAME" type="string"/>
    <columnMetaData name="ID" type="integer"/>
    <columnMetaData name="DEPT" type="string"/>
    <columnMetaData name="GRADE" type="string"/>
    <columnMetaData name="EMAIL" type="string"/>
    <columnMetaData name="MAIL_STOP" type="string"/>
    <columnMetaData name="PHONE" type="string"/>
  </metaData>
  <rows>
    <row>
      <cell>Fred Stearnheart</cell>
      <cell>1001</cell>
      <cell>CEO</cell>
      <cell>Upper Management</cell>
      <cell>fred.sternheart@somecompany.com</cell>
      <cell>A12-01</cell>
      <cell>555-123-4550</cell>
      <row>
	<cell>Joli Junebridge</cell>
	<cell>1002</cell>
	<cell>VP Marketing</cell>
	<cell>Upper Management</cell>
	<cell>joli.junebridge@somecompany.com</cell>
	<cell>A12-12</cell>
	<cell>555-123-4555</cell>
	<row>
	  <cell>Seth Brown</cell>
	  <cell>1005</cell>
	  <cell>MAR-5</cell>
	  <cell>Marketing</cell>
	  <cell>seth.brown@somecompany.com</cell>
	  <cell>A10-11</cell>
	  <cell>555-123-1113</cell>
	</row>
	<row>
	  <cell>Joe Jones</cell>
	  <cell>1006</cell>
	  <cell>MAR-2</cell>
	  <cell>Marketing</cell>
	  <cell>joe.jones@somecompany.com</cell>
	  <cell>A10-55</cell>
	  <cell>555-123-11123</cell>
	</row>
      </row>
      <row>
	<cell>Martha Mars</cell>
	<cell>1003</cell>
	<cell>VP Engineering</cell>
	<cell>Upper Management</cell>
	<cell>martha.mars@somecompany.com</cell>
	<cell>A11-14</cell>
	<cell>555-123-4535</cell>
	<row>
	  <cell>Julie Chen</cell>
	  <cell>1004</cell>
	  <cell>ENG-5</cell>
	  <cell>Engineering</cell>
	  <cell>n@somecompany.com</cell>
	  <cell>A10-12</cell>
	  <cell>555-123-1112</cell>
	</row>
	<row>
	  <cell>Martin Marks</cell>
	  <cell>1007</cell>
	  <cell>ENG-15</cell>
	  <cell>Engineering</cell>
	  <cell>martin.marks@somecompany.com</cell>
	  <cell>A10-44</cell>
	  <cell>555-123-1119</cell>
	</row>
	<row>
	  <cell>Jim Qirk</cell>
	  <cell>1008</cell>
	  <cell>ENG-10</cell>
	  <cell>Engineering</cell>
	  <cell>jim.qirk@somecompany.com</cell>
	  <cell>A10-41</cell>
	  <cell>555-123-1131</cell>
	</row>
	<row>
	  <cell>Eddie Izzard</cell>
	  <cell>1009</cell>
	  <cell>ENG-09</cell>
	  <cell>Engineering</cell>
	  <cell>eddie.izzard@somecompany.com</cell>
	  <cell>A10-42</cell>
	  <cell>555-123-1132</cell>
	</row>
	<row>
	  <cell>Evil Monkey</cell>
	  <cell>1010</cell>
	  <cell>ENG-10</cell>
	  <cell>Engineering</cell>
	  <cell>evil.monkey@somecompany.com</cell>
	  <cell>A10-41</cell>
	  <cell>555-123-1131</cell>
	</row>
	<row>
	  <cell>Joe Hacker</cell>
	  <cell>1011</cell>
	  <cell>ENG-10</cell>
	  <cell>Engineering</cell>
	  <cell>joe.hacker@somecompany.com</cell>
	  <cell>A10-41</cell>
	  <cell>555-123-1131</cell>
	</row>
	<row>
	  <cell>Bob burns</cell>
	  <cell>1012</cell>
	  <cell>ENG-7</cell>
	  <cell>Engineering</cell>
	  <cell>bob.hacker@somecompany.com</cell>
	  <cell>A10-41</cell>
	  <cell>555-123-1131</cell>
	</row>
	<row>
	  <cell>Emi Jork</cell>
	  <cell>1013</cell>
	  <cell>ENG-11</cell>
	  <cell>Engineering</cell>
	  <cell>emi.jork@somecompany.com</cell>
	  <cell>A10-41</cell>
	  <cell>3-1131</cell>
	</row>
	<row>
	  <cell>Jack Packer</cell>
	  <cell>1014</cell>
	  <cell>ENG-10</cell>
	  <cell>Engineering</cell>
	  <cell>jack.packer@somecompany.com</cell>
	  <cell>A10-41</cell>
	  <cell>555-123-1131</cell>
	</row>
	<row>
	  <cell>Joe Hacker</cell>
	  <cell>1015</cell>
	  <cell>ENG-10</cell>
	  <cell>Engineering</cell>
	  <cell>joe.hacker@somecompany.com</cell>
	  <cell>A10-41</cell>
	  <cell>555-123-1131</cell>
	</row>
	<row>
	  <cell>Paul Able</cell>
	  <cell>1016</cell>
	  <cell>ENG-1</cell>
	  <cell>Engineering</cell>
	  <cell>paul.able@somecompany.com</cell>
	  <cell>A10-41</cell>
	  <cell>555-123-1131</cell>
	</row>
	<row>
	  <cell>Jorn Claus</cell>
	  <cell>1017</cell>
	  <cell>ENG-16</cell>
	  <cell>Engineering</cell>
	  <cell>jorn.Claus@somecompany.com</cell>
	  <cell>A10-41</cell>
	  <cell>555-123-1131</cell>
	</row>
	<row>
	  <cell>Bert Notsoeager</cell>
	  <cell>1018</cell>
	  <cell>ENG-10</cell>
	  <cell>Engineering</cell>
	  <cell>bert.Notsoeager@somecompany.com</cell>
	  <cell>A10-41</cell>
	  <cell>555-123-1131</cell>
	</row>
	<row>
	  <cell>Duke OJava</cell>
	  <cell>1019</cell>
	  <cell>ENG-10</cell>
	  <cell>Engineering</cell>
	  <cell>duke.ojava@somecompany.com</cell>
	  <cell>A10-41</cell>
	  <cell>555-123-1131</cell>
	</row>
	<row>
	  <cell>Janice Po</cell>
	  <cell>1020</cell>
	  <cell>ENG-10</cell>
	  <cell>Engineering</cell>
	  <cell>janice.po@somecompany.com</cell>
	  <cell>A10-41</cell>
	  <cell>555-123-1131</cell>
	</row>
      </row>
    </row>
  </rows>
</hierarchicalData>
